{"cameraMode":{"drawMode":0,"name":"Shaded","section":"Shading Mode"},"sceneLighting":true,"audioPlay":false,"sceneViewState":{"m_AlwaysRefresh":false,"showFog":true,"showSkybox":true,"showFlares":true,"showImageEffects":true,"showParticleSystems":true,"showVisualEffectGraphs":true,"m_FxEnabled":true},"in2DMode":false,"pivot":{"x":652.0430908203125,"y":1598.65966796875,"z":-179.50897216796876},"rotation":{"x":-0.17052476108074189,"y":-0.24546419084072114,"z":0.043887700885534289,"w":-0.9533070921897888},"size":219.86570739746095,"orthographic":false}