{"cameraMode":{"drawMode":0,"name":"Shaded","section":"Shading Mode"},"sceneLighting":true,"audioPlay":false,"sceneViewState":{"m_AlwaysRefresh":false,"showFog":true,"showSkybox":true,"showFlares":true,"showImageEffects":true,"showParticleSystems":true,"showVisualEffectGraphs":true,"m_FxEnabled":true},"in2DMode":false,"pivot":{"x":6.3334269523620609,"y":-4.022690773010254,"z":2.941434860229492},"rotation":{"x":-0.24465011060237885,"y":-0.19276845455169679,"z":0.049679964780807498,"w":-0.948967456817627},"size":13.022601127624512,"orthographic":false}