{"cameraMode":{"drawMode":0,"name":"Shaded","section":"Shading Mode"},"sceneLighting":true,"audioPlay":false,"sceneViewState":{"m_AlwaysRefresh":false,"showFog":true,"showSkybox":true,"showFlares":true,"showImageEffects":true,"showParticleSystems":true,"showVisualEffectGraphs":true,"m_FxEnabled":true},"in2DMode":false,"pivot":{"x":0.5747912526130676,"y":2.9306771755218508,"z":6.063670635223389},"rotation":{"x":0.08637646585702896,"y":0.5457786321640015,"z":-0.05668520927429199,"w":0.8315548896789551},"size":8.593297958374024,"orthographic":false}