{"cameraMode":{"drawMode":0,"name":"Shaded","section":"Shading Mode"},"sceneLighting":true,"audioPlay":false,"sceneViewState":{"m_AlwaysRefresh":false,"showFog":true,"showSkybox":true,"showFlares":true,"showImageEffects":true,"showParticleSystems":true,"showVisualEffectGraphs":true,"m_FxEnabled":true},"in2DMode":false,"pivot":{"x":-80.23541259765625,"y":18.888134002685548,"z":-3.2253055572509767},"rotation":{"x":0.007231361232697964,"y":0.5089690685272217,"z":-0.004269016440957785,"w":0.8607571721076965},"size":2.4494895935058595,"orthographic":false}